entity_type_id,attribute_code,attribute_set,attribute_group_name,attribute_group_code,is_global,is_user_defined,is_filterable,is_visible,is_required,is_visible_on_front,is_searchable,is_unique,frontend_class,is_visible_in_advanced_search,is_comparable,is_filterable_in_search,is_used_for_price_rules,is_used_for_promo_rules,sort_order,position,frontend_input,backend_type,backend_model,source_model,frontend_label,default_value,apply_to,is_wysiwyg_enabled,is_required_in_admin_store,is_used_in_grid,is_visible_in_grid,is_filterable_in_grid,search_weight,is_html_allowed_on_front,used_in_product_listing,used_for_sort_by,swatch_input_type,attribute_options,attribute_options_swatchvisual,attribute_options_swatchtext
4,manufacturer,Default,Product Details,product-details,1,1,1,1,0,0,0,0,,0,0,0,0,0,,0,select,int,,,Manufacturer,,simple|configurable,0,0,0,0,0,1,0,0,0,,"admin:Bio Nuclear Diagnostics Inc.|admin:Baxter International Inc. |admin:Becton, Dickinson and Company|admin:Essity|",,
4,color,Default,ERP Fields,erp-fields,1,1,0,1,0,0,0,0,,0,1,0,0,0,,0,select,int,,,Color,,simple|virtual|configurable,0,0,1,0,1,1,0,0,0,,admin:White|admin:Black|admin:Red|admin:Grey|,,
4,uom,Default,ERP Fields,erp-fields,1,1,0,1,0,0,0,0,,0,0,0,0,0,,0,select,int,,Magento\Eav\Model\Entity\Attribute\Source\Table,Unit,,,0,0,1,1,1,1,1,0,0,,admin:Each|admin:Pack|admin:Case|admin:Box|admin:Pair|admin:Bag|admin:Bot|admin:Vial|admin:Tube|admin:Amp|admin:Jar|admin:Unit|admin:Foot|admin:EACH|admin:PACK|admin:Pen|admin:Syr|,,
4,size,Default,ERP Fields,erp-fields,1,1,1,1,0,1,0,0,,0,0,1,0,1,,0,select,int,,Magento\Eav\Model\Entity\Attribute\Source\Table,Size,,,0,0,1,1,1,1,1,1,0,,admin:1|admin:2|admin:3|admin:4|admin:5|admin:6|admin:7|admin:8|admin:9|admin:10|admin:4.5|admin:11|admin:12|admin:15|admin:20|admin:23|admin:6 Fr|admin:8 Fr|admin:10 Fr|admin:12 Fr|admin:14 Fr|admin:16 Fr|admin:22 Fr|admin:24 Fr|admin:26 Fr|admin:30 Fr|admin:2mm|admin:25mm|admin:28mm|admin:30mm|admin:35mm|admin:38 mm|admin:45 mm|admin:57 mm|admin:70 mm|admin:7-10 in|admin:8 in|admin:12 in|admin:16 in|admin:18 in|admin:24 in|admin:32 in|admin:96 in|admin:104 in|admin:25-35 cm|admin:33-47 cm|admin:46-66 cm|admin:A|admin:B|admin:C|admin:D|admin:E|admin:F|admin:G|admin:J|admin:K|admin:Mini|admin:X-Small|admin:Small|admin:Small Short|admin:Small Long|admin:Small/Medium|admin:Small/Medum|admin:Medium|admin:Medium Short|admin:Medium Long|admin:Medium/Large|admin:Large|admin:Large Short|admin:Large Long|admin:Large Full Calf|admin:X-Large|admin:Short X-Large|admin:X-Large Long|admin:X-Large Full Calf|admin:4X -Large|admin:Regular|admin:18 Fr|admin:21|admin:22|admin:Standard|admin:Youth|admin:20 Fr|admin:2X-Large|admin:11L|admin:40 mm|admin:50 mm|admin:60 mm|admin:15 -23 mm|admin:15 -33 mm|admin:15 -43 mm|admin:4.2 mm|admin:2.0 mm|admin:18/48 mm|admin:27/57 mm|admin:34/64 mm|admin:28 mm|admin:30 mm|admin:35 mm|admin:7.5|admin:23 mm|admin:31 mm|admin:7 mm|admin:5 mm|admin:4.5 mm|admin:2.3 mm|admin:44 mm|admin:Intermediate|admin:Small/Paediatric|admin:25 mm|admin:36 mm|admin:29 mm|admin:32 mm|admin:3X-Large|admin:2.75 mm|admin:4.25 mm|admin:0-23 mm|admin:8-50 mm|admin:18 cm|admin:14 cm|admin:13-22 mm|admin:22-33 mm|admin:33-45 mm|admin:13-48 mm|admin:13-35 mm|admin:13-33 mm|admin:13-45 mm|admin:13 mm|admin:19 mm|admin:22 mm|admin:6.5|admin:Large/X-Large|admin:2 in|admin:1-1/2 in|admin:100 mm|admin:27 mm|admin:3/8 -1 3/4 in|admin:3/8 -7/8 in|admin:15 -30 mm|admin:15 -40 mm|admin:15 -53 mm|admin:3.5|admin:Long|admin:Adult Large|admin:Adult|admin:Youth/Small|admin:Large Plus|,,
4,volume,Default,ERP Fields,erp-fields,1,1,1,1,0,1,0,0,,0,0,1,0,1,,0,select,int,,Magento\Eav\Model\Entity\Attribute\Source\Table,Volume,,,0,0,1,1,1,1,1,1,0,,admin:1/2 oz|admin:3/4 oz|admin:1 oz|admin:2 oz|admin:3 1/4 oz|admin:8 oz|admin:1200 mc g|admin:3.5 g|admin:71 g|admin:140 g|admin:170 g|admin:1/2 mL|admin:1 mL|admin:1.5 mL|admin:2 mL|admin:2.6 mL|admin:3 mL|admin:5 mL|admin:10 mL|admin:15 mL|admin:20 mL|admin:25 mL|admin:30 mL|admin:50 mL|admin:60 mL|admin:100 mL|admin:115 mL|admin:140 mL|admin:240 mL|admin:250 mL|admin:500 mL|admin:540 mL|admin:550 mL|admin:600 mL|admin:800 mL|admin:900 mL|admin:1000 mL|admin:1 L|admin:1100 mL|admin:1200 mL|admin:1.4 L|admin:2000 mL|admin:3 L|admin:3.1 L|admin:5.1 L|admin:7.6 L|admin:10.3 L|admin:13.2 L|admin:22.7 L|admin:178 mL|admin:28 mL|admin:3.78 L|admin:3/10 mL|admin:30 cc|admin:355 mL|admin:4 oz|admin:5 cc|admin:60 g|admin:621 mL|admin:709 mL|admin:750 mL|admin:125 g|admin:33.3 g|admin:16 oz|admin:450 mL|admin:150 g|admin:4 L|admin:40.5 oz|admin:27 oz|,,
4,length,Default,Product Details,product-details,1,1,1,1,0,1,0,0,,0,0,1,0,1,,0,select,int,,Magento\Eav\Model\Entity\Attribute\Source\Table,Length,,,0,0,1,1,1,1,1,1,0,,admin:1 1/2 in|admin:1 in|admin:2 in|admin:5/8 in|admin:3/4 in|admin:3 in|admin:6 in|admin:24 in|admin:12 in|admin:16 in|admin:18 in|admin:32 in|admin:1/4 in|admin:1 1/4 in|admin:7/8 in|admin:3/8 in|admin:1/2 in|admin:1.0 cm|admin:2.0 cm|admin:1.7 cm|admin:4.5 cm|admin:1.5 cm|admin:3.0 cm|admin:2.7 cm|admin:2.3 cm|admin:2.5 cm|admin:1.2 cm|admin:5.0 cm|admin:0.75 in|admin:3.5 cm|admin:4.0 cm|admin:30.48 cm|admin:60.96 cm|admin:5/16 in|admin:1.16 in|admin:1.88 in|admin:20 in|admin:6 mm|admin:9 mm|admin:10 mm|admin:25 mm|admin:40 mm|admin:50 mm|admin:57 mm|admin:10-43 mm|admin:10-55 mm|admin:1 cm|,,
4,capacity,Default,Product Details,product-details,1,1,1,1,0,1,0,0,,0,0,1,0,1,,3,select,int,,Magento\Eav\Model\Entity\Attribute\Source\Table,Capacity,,,0,0,1,1,1,1,1,1,0,,admin:3ml|admin:1mL|admin:1 mL|admin:1.5mL|admin:2mL|admin:3 mL|admin:10 mL|admin:10mL|admin:5 mL|admin:5mL|admin:15mL|admin:20mL|admin:30mL|admin:60mL|admin:1L|admin:3L|admin:3.1L|admin:1.4L|admin:5.1L|admin:13.2L|admin:7.6L|admin:10.3L|admin:22.7L|,,
4,colour,Default,ERP Fields,erp-fields,1,1,1,1,0,1,0,0,,0,0,1,0,1,,0,select,int,,Magento\Eav\Model\Entity\Attribute\Source\Table,Colour,,,0,0,1,1,1,1,1,1,0,,admin:Black|admin:Blue|admin:Brown|admin:Blue/Black|admin:Black/Gray|admin:Caramel|admin:Charcoal|admin:Classic Black|admin:Cool Black|admin:Cool Black/Black|admin:Cool White|admin:Burgundy|admin:Crispa|admin:Dark Navy|admin:Ebony|admin:Espresso|admin:Graphite|admin:Graphite Heather|admin:Graphite Stripe|admin:Green|admin:Grey|admin:Green/Black|admin:Khaki|admin:Limeade|admin:Mist|admin:Mulberry|admin:Natural|admin:Navy|admin:Navy Stripe|admin:Nude|admin:Aquamarine|admin:Beige|admin:Olive|admin:Onyx|admin:Onyx Stripe|admin:Pecan|admin:Pink|admin:Pink Stripe|admin:Pink/Black|admin:Purple|admin:Red|admin:Red/Black|admin:Rose|admin:Silver|admin:Smoke|admin:Steel Blue|admin:Steel Grey|admin:Suntan|admin:Taupe|admin:Teal|admin:Titan|admin:Transparent|admin:Transparent Green|admin:White|admin:White/Grey|admin:Yellow|admin:Cocoa|admin:Lime Green|admin:Galaxy|admin:Newsprint|admin:Ultra-Clear|admin:Sandstone|admin:Opaque|admin:Tan|admin:Paisley|admin:Floral|admin:Dream|admin:Obsidian|admin:Stone|admin:Restful Path|admin:Soothing Blue|,,
4,dimensions,Default,ERP Fields,erp-fields,1,1,1,1,0,1,0,0,,0,0,1,0,1,,0,select,int,,Magento\Eav\Model\Entity\Attribute\Source\Table,Dimensions,,,0,0,1,1,1,1,1,1,0,,admin:0.1 cm x 9.1 m|admin:0.635 cm x 91.44 cm|admin:0.8 cm x 20 cm|admin:1 cm x 45 cm|admin:1.25 cm x 9.1 m|admin:1.27 cm x 91.44 cm|admin:10 cm x 10 cm|admin:10 cm x 10 m|admin:10 cm x 11 cm|admin:10 cm x 12 cm|admin:10 cm x 12.7 cm|admin:10 cm x 13 cm|admin:10 cm x 15 cm|admin:10 cm x 15.5 cm|admin:10 cm x 18 cm|admin:10 cm x 2.7 m|admin:10 cm x 20 cm|admin:10 cm x 20 m|admin:10 cm x 3.5 m|admin:10 cm x 3.6 m|admin:10 x 20 cm|admin:10.16 cm x 3.75 m|admin:10.25 in x 13 in|admin:10.3 cm x 10.3 cm|admin:10.6 cm x 4.57 m|admin:10.75 cm x 10 m|admin:11 cm x 12.5 cm|admin:11 x 11 cm|admin:11 x 14 cm|admin:11.5 cm x 11.5 cm|admin:11.5 cm x 8.5 cm|admin:12 cm x 10 cm|admin:12 cm x 4 m|admin:12 in x 12 in|admin:12 mm x 10 cm|admin:12.5 cm x 12.5 cm|admin:12.9 cm x 12.9 cm|admin:13 cm x 13 cm|admin:13 cm x 15 cm|admin:13 in x 13.25 in|admin:14 cm x 14 cm|admin:14 cm x 17 cm|admin:14.2 cm x 15.8 cm|admin:15 cm x 10 m|admin:15 cm x 15 cm|admin:15 cm x 2.7 m|admin:15 cm x 20 cm|admin:15 cm x 23 cm|admin:15 cm x 3.5 m|admin:15 cm x 3.6 m|admin:15 cm x 4.5 m|admin:15.24 cm x 3.75 m|admin:15.4 cm x 15.4 cm|admin:15.6 cm x 14.28 cm|admin:17.2 cm x 17.5 cm|admin:17.5 cm x 17.5 cm|admin:17.5 cm x 22.5 cm|admin:170 cm x 66 cm|admin:178 cm x 112 cm|admin:178 cm x 74 cm|admin:178 cm x 97 cm|admin:19 cm x 19 cm|admin:19 cm x 22.2 cm|admin:2 1/4 x 4 in|admin:2 3/4 x 9 in|admin:2 cm x 100 cm|admin:2 cm x 2 m|admin:2 cm x 45 cm|admin:2 in x 2 in|admin:2 in x 4.1 yd|admin:2.5 cm x 3.5 m|admin:2.5 cm x 9.1 m|admin:2.54 cm x 30.4 cm|admin:2.54 cm x 91.44 cm|admin:20 cm x 20 cm|admin:20 cm x 25 cm|admin:20 cm x 30 cm|admin:20 x 20 cm|admin:20.3 x 7.6 cm|admin:20  x 10 m|admin:21 cm x 21 cm|admin:21.6 cm x 23 cm|admin:22.5 cm x 27.5 cm|admin:22.5 cm x 32.5 cm|admin:23 cm x 50 cm|admin:23 in x 24 in|admin:23 in x 36 in|admin:3 1/2 x 9 in|admin:3 in x 39 in|admin:3 in x 4.1 yd|admin:3 mm x 7.5 cm|admin:30 cm x 23 cm|admin:30 in x 36 in|admin:36 in x 40 in|admin:4 cm x 1.5 m|admin:4 cm x 5 cm|admin:4 cm x 8 cm|admin:4 in x 100 ft|admin:4 in x 4 in|admin:4 in x 4.1 yd|admin:4 in x 8 in|admin:4 x 4IN|admin:4.4 cm x 4.4 cm|admin:40 in x 60 in|admin:45 cm x 2 cm|admin:5 1/4 x 10 in|admin:5 cm x 12.5 cm|admin:5 cm x 2 cm|admin:5 cm x 2.7 m|admin:5 cm x 3.5 m|admin:5 cm x 4.5 m|admin:5 cm x 5 cm|admin:5 cm x 5 cm |admin:5 cm x 5.7 cm|admin:5 cm x 7 cm|admin:5 cm x 7.5 cm|admin:5 cm x 9.1 m|admin:5 x 5 cm|admin:5.08 cm x 3.75 m|admin:6 cm x 10 cm|admin:6 cm x 7 cm|admin:6 in x 100 ft|admin:6 in x 4.1 yd|admin:6 in x 8  in|admin:6 mm x 10 cm|admin:6 mm x 3.8 cm|admin:6 mm x 7.5 cm|admin:7 cm x 5 cm|admin:7 cm x 6 cm|admin:7 cm x 6.5 cm|admin:7 cm x 9 cm|admin:7.5 cm x 10 cm|admin:7.5 cm x 10 m|admin:7.5 cm x 2.7 m|admin:7.5 cm x 3.6 m|admin:7.5 cm x 7.5 cm|admin:7.5 cm x 8.5 cm|admin:7.5 mm x 4.57 m|admin:7.5 x 13 in|admin:7.6 cm x 9.5 cm|admin:7.6 x 7.6 cm|admin:7.62 cm x 9.1 m|admin:8 in x 14 in|admin:8 in x 8 in|admin:8 x 10 cm|admin:8.5 cm x 10.5 cm|admin:8.5 cm x 11.5 cm|admin:8.9 cm x 8.9 cm|admin:9 cm x 10 cm|admin:9 cm x 15 cm|admin:9 cm x 20 cm|admin:9 cm x 25 cm|admin:9 cm x 35 cm|admin:9 in x 5.9 in|admin:6 in x 8 in|admin:20 x 10 m|admin:17 in x 24 in|admin:3 in x 6 in |admin: 3 in x 4 in|admin:4 in x 5 in|admin:11 cm x 12.7 cm|admin:7.5 in x 13 in|admin:5 1/4 in x 10 in|admin:3 1/2 in x 9 in|admin:2 3/4 in x 9 in|admin:13 in x 18 in|admin:2 in x 3 in|admin:8.3 cm. x 6 cm|admin:15 cm x 8 cm|admin:25 cm x 10 cm|admin:10 cm x 8 cm|admin:1/2 in x 5 yds|admin:30 in x 12 in|admin:30 in  x 12 in |admin:1 in x 3 in|admin:3/4 in x 3 in|admin:2 in x 4 in|admin:15 cm x 10 cm|admin:23 cm x 10 cm|admin:1/8 in x 3 in|admin:1/4 in x 4 in|admin:1/2 in x 4 in|admin:3 in x 8|admin:3 in x 3 in|admin:8 in x 10 in|admin:5 in x 9 in|admin:18 in x 16 in|admin:16 in x 16 in|admin:11 cm x 14 cm|admin:10 cm  x 10 cm|admin:18 cm x 18 cm |admin:7.5 x 7.5 cm|admin:3 cm x 44 cm|admin:20 cm x 15 cm|admin:20.3 cm x 7.6 cm|admin:7.6 cm x 9.1 m|admin:5.1 cm x 5.1 cm|admin:10.1 cm x 9.1 m|admin:11 cm x 11 cm|admin:18 mm x 55 m|admin:24 mm x 55 m|admin:10.16 cm x 4.57 m|admin:5.08 cm x 4.57|admin:2.54 cm x 4.57 m|admin:18 cm x 18 cm|admin:3 in x 4 in|admin:3 in x 6 in|,,
4,gauge,Default,ERP Fields,erp-fields,1,1,1,1,0,1,0,0,,0,0,1,0,1,,0,select,int,,Magento\Eav\Model\Entity\Attribute\Source\Table,admin:Gauge|default:Gauge Size,,,0,0,1,1,1,1,1,1,1,,admin:14 G|admin:18 G|admin:19 G|admin:20 G|admin:21 G|admin:22 G|admin:23 G|admin:24 G|admin:25 G|admin:26 G|admin:27 G|admin:29 G|admin:30 G|admin:31 G|,,
4,flavour,Default,ERP Fields,erp-fields,1,1,1,1,0,1,0,0,,0,0,1,0,1,,0,select,int,,Magento\Eav\Model\Entity\Attribute\Source\Table,Flavour,,,0,0,1,1,1,1,1,1,1,,admin:Bitter|admin:Butter Pecan|admin:Chocolate|admin:Chocolate Latte|admin:Mixed Berry|admin:Orange|admin:Orange Cream|admin:Peach|admin:Strawberry|admin:Sweet|admin:Unflavoured|admin:Vanilla|admin:Wild berry|admin:Variety Pack|,,
4,packaging,Default,ERP Fields,erp-fields,1,1,0,1,0,0,0,0,,0,0,0,0,0,,0,select,int,,Magento\Eav\Model\Entity\Attribute\Source\Table,Packaging,,,0,0,1,1,1,1,1,0,0,,admin:Each|admin:Ampule|admin:Bag|admin:Bottle|admin:Box|admin:Case|admin:Foot|admin:Jar|admin:Pack|admin:Pair|admin:Pen|admin:Syringe|admin:Tube|admin:Vial|admin:Bottle of 100S|admin:Bottle of 160S|admin:Bottle of 20S|admin:Bottle of 30S|admin:Box of 2|admin:Box of 3|admin:Box of 5|admin:Box of 6|admin:Box of 10|admin:Box of 12|admin:Box of 15|admin:Box of 18|admin:Box of 20|admin:Box of 24|admin:Box of 25|admin:Box of 30|admin:Box of 35|admin:Box of 36|admin:Box of 40|admin:Box of 48|admin:Box of 50|admin:Box of 54|admin:Box of 56|admin:Box of 60|admin:Box of 80|admin:Box of 90|admin:Box of 96|admin:Box of 100|admin:Box of 120|admin:Box of 125|admin:Box of 144|admin:Box of 145|admin:Box of 150|admin:Box of 200|admin:Box of 250|admin:Box of 480|admin:Box of 500|admin:Box of 2100|admin:Case of 2|admin:Case of 4|admin:Case of 5|admin:Case of 6|admin:Case of 8|admin:Case of 10|admin:Case of 12|admin:Case of 14|admin:Case of 16|admin:Case of 18|admin:Case of 20|admin:Case of 21|admin:Case of 24|admin:Case of 25|admin:Case of 27|admin:Case of 28|admin:Case of 30|admin:Case of 32|admin:Case of 35|admin:Case of 36|admin:Case of 40|admin:Case of 48|admin:Case of 50|admin:Case of 56|admin:Case of 60|admin:Case of 64|admin:Case of 70|admin:Case of 72|admin:Case of 75|admin:Case of 80|admin:Case of 84|admin:Case of 90|admin:Case of 96|admin:Case of 100|admin:Case of 108|admin:Case of 125|admin:Case of 128|admin:Case of 132|admin:Case of 144|admin:Case of 168|admin:Case of 180|admin:Case of 198|admin:Case of 200|admin:Case of 210|admin:Case of 225|admin:Case of 250|admin:Case of 252|admin:Case of 300|admin:Case of 320|admin:Case of 400|admin:Case of 440|admin:Case of 500|admin:Case of 560|admin:Case of 750|admin:Case of 800|admin:Case of 900|admin:Case of 960|admin:Case of 1000|admin:Case of 1080|admin:Case of 1260|admin:Case of 1440|admin:Case of 1785|admin:Case of 2000|admin:Case of 2100|admin:Case of 2400|admin:Case of 2820|admin:Case of 3000|admin:Case of 4000|admin:Case of 5000|admin:Pack of 2|admin:Pack of 3|admin:Pack of 4|admin:Pack of 5|admin:Pack of 6|admin:Pack of 7|admin:Pack of 8|admin:Pack of 10|admin:Pack of 11|admin:Pack of 12|admin:Pack of 14|admin:Pack of 15|admin:Pack of 16|admin:Pack of 17|admin:Pack of 18|admin:Pack of 19|admin:Pack of 20|admin:Pack of 22|admin:Pack of 23|admin:Pack of 24|admin:Pack of 25|admin:Pack of 26|admin:Pack of 27|admin:Pack of 28|admin:Pack of 30|admin:Pack of 31|admin:Pack of 32|admin:Pack of 33|admin:Pack of 36|admin:Pack of 39|admin:Pack of 40|admin:Pack of 42|admin:Pack of 44|admin:Pack of 45|admin:Pack of 46|admin:Pack of 48|admin:Pack of 50|admin:Pack of 52|admin:Pack of 60|admin:Pack of 80|admin:Pack of 96|admin:Pack of 100|admin:Pack of 120|admin:Pack of 160|admin:Pack of 200|admin:Pack of 250|admin:Pack of 300|admin:Pack of 500|admin:Pack of 850|admin:Pack of 1000|admin:Pack of 2000|admin:Pack of 108|admin:Pack of 102|admin:Pack of 10B|admin:Box of 130|,,
4,needle_gauge_size,Default,Attributes,attributes,1,1,1,1,0,1,0,0,,0,0,1,0,0,,0,select,int,,Magento\Eav\Model\Entity\Attribute\Source\Table,admin:Needle Gauge Size|default:Needle Gauge Size,,,0,0,1,1,1,1,1,1,1,,admin:14 G|admin:15 G|admin:16 G|admin:18 G|admin:19 G|admin:20 G|admin:21 G|admin:22 G|admin:23 G|admin:24 G|admin:25 G|admin:26 G|admin:27 G|admin:28 G|admin:29 G|admin:30 G|admin:31 G|admin:13 G|admin:17 G|admin:32 G|,,
4,needle_length,Default,Attributes,attributes,1,1,1,1,0,1,0,0,,0,0,1,0,0,,0,select,int,,Magento\Eav\Model\Entity\Attribute\Source\Table,admin:Needle Length|default:Needle Length,,,0,0,1,1,1,1,1,1,1,,admin:3/8 in |admin:1/4 in|admin:1/2 in|admin:3/4 in|admin:1 in|admin:1 1/4 in|admin:1 1/2 in|admin:2 in|admin:2 1/2 in|admin:5/8 in|admin:7/8 in|admin:3 1/2 in|admin:2 1/4 in|admin:3 in|admin:3 1/4 in|,,
4,syringe_volume,Default,Attributes,attributes,1,1,1,1,0,1,0,0,,0,0,1,0,0,,0,select,int,,Magento\Eav\Model\Entity\Attribute\Source\Table,admin:Syringe Volume|default:Syringe Volume,,,0,0,1,1,1,1,1,1,1,,admin:0.5 mL|admin:1 mL|admin:2 mL|admin:3 mL|admin:5 mL|admin:6 mL|admin:10 mL|admin:11 mL|admin:12 mL|admin:15 mL|admin:20 mL|admin:30 mL|admin:35 mL|admin:50 mL|admin:60 mL|,,
4,name,Default,Product Details,product-details,1,0,0,1,1,0,1,0,,1,0,0,0,0,,0,text,varchar,,,Product Name,,,0,0,0,0,0,5,0,1,1,,,,
4,sku,Default,Product Details,product-details,1,0,0,1,1,0,1,1,validate-length maximum-length-64,1,1,0,0,0,,0,text,static,Magento\Catalog\Model\Product\Attribute\Backend\Sku,,SKU,,,0,0,0,0,0,6,0,0,0,,,,
4,description,Default,Content,content,1,0,0,1,0,0,1,0,,1,1,0,0,0,,0,textarea,text,,,Description,,,1,0,0,0,0,1,1,1,0,,,,
4,short_description,Default,Content,content,1,0,0,1,0,0,1,0,,1,1,0,0,0,,0,textarea,text,,,Short Description,,,1,0,1,0,0,1,1,1,0,,,,
4,price,Default,Product Details,product-details,1,0,1,1,1,0,1,0,,1,0,1,0,0,,0,price,decimal,Magento\Catalog\Model\Product\Attribute\Backend\Price,,Price,,simple|virtual|bundle|downloadable|configurable,0,0,0,0,0,1,0,1,1,,,,
4,special_price,Default,Advanced Pricing,advanced-pricing,1,0,0,1,0,0,0,0,,0,0,0,0,0,,0,price,decimal,Magento\Catalog\Model\Product\Attribute\Backend\Price,,Special Price,,simple|virtual|bundle|downloadable|configurable,0,0,1,0,1,1,0,1,0,,,,
4,special_from_date,Default,Advanced Pricing,advanced-pricing,2,0,0,1,0,0,0,0,,0,0,0,0,0,,0,date,datetime,Magento\Catalog\Model\Attribute\Backend\Startdate,,Special Price From Date,,simple|virtual|bundle|downloadable|configurable,0,0,1,0,0,1,0,1,0,,,,
4,special_to_date,Default,Advanced Pricing,advanced-pricing,2,0,0,1,0,0,0,0,,0,0,0,0,0,,0,date,datetime,Magento\Eav\Model\Entity\Attribute\Backend\Datetime,,Special Price To Date,,simple|virtual|bundle|downloadable|configurable,0,0,1,0,0,1,0,1,0,,,,
4,cost,Default,Advanced Pricing,advanced-pricing,1,1,0,1,0,0,0,0,,0,0,0,0,0,,0,price,decimal,Magento\Catalog\Model\Product\Attribute\Backend\Price,,Cost,,simple|virtual|downloadable,0,0,1,0,1,1,0,0,0,,,,
4,weight,Default,Product Details,product-details,1,0,0,1,0,0,0,0,,0,0,0,0,0,,0,weight,decimal,Magento\Catalog\Model\Product\Attribute\Backend\Weight,,Weight,,simple|virtual|bundle|downloadable|giftcard|configurable,0,0,1,0,1,1,0,0,0,,,,
4,meta_title,Default,Search Engine Optimization,search-engine-optimization,0,0,0,1,0,0,0,0,,0,0,0,0,0,,0,text,varchar,,,Meta Title,,,0,0,1,0,1,1,0,0,0,,,,
4,meta_keyword,Default,Search Engine Optimization,search-engine-optimization,0,0,0,1,0,0,0,0,,0,0,0,0,0,,0,textarea,text,,,Meta Keywords,,,0,0,1,0,1,1,0,0,0,,,,
4,meta_description,Default,Search Engine Optimization,search-engine-optimization,0,0,0,1,0,0,0,0,,0,0,0,0,0,,0,textarea,varchar,,,Meta Description,,,0,0,1,0,1,1,0,0,0,,,,
4,image,Default,Images,image-management,0,0,0,1,0,0,0,0,,0,0,0,0,0,,0,media_image,varchar,,,Base,,,0,0,0,0,0,1,0,1,0,,,,
4,small_image,Default,Images,image-management,0,0,0,1,0,0,0,0,,0,0,0,0,0,,0,media_image,varchar,,,Small,,,0,0,0,0,0,1,0,1,0,,,,
4,thumbnail,Default,Images,image-management,0,0,0,1,0,0,0,0,,0,0,0,0,0,,0,media_image,varchar,,,Thumbnail,,,0,0,0,0,0,1,0,1,0,,,,
4,media_gallery,Default,Images,image-management,1,0,0,1,0,0,0,0,,0,0,0,0,0,,0,gallery,static,,,Media Gallery,,,0,0,0,0,0,1,0,0,0,,,,
4,tier_price,Default,Advanced Pricing,advanced-pricing,2,0,0,1,0,0,0,0,,0,0,0,0,0,,0,text,decimal,Magento\Catalog\Model\Product\Attribute\Backend\Tierprice,,Tier Price,,simple|virtual|bundle|downloadable,0,0,0,0,0,1,0,0,0,,,,
4,news_from_date,Default,Product Details,product-details,2,0,0,1,0,0,0,0,,0,0,0,0,0,,0,date,datetime,Magento\Catalog\Model\Attribute\Backend\Startdate,,Set Product as New from Date,,,0,0,1,0,0,1,0,1,0,,,,
4,news_to_date,Default,Product Details,product-details,2,0,0,1,0,0,0,0,,0,0,0,0,0,,0,date,datetime,Magento\Eav\Model\Entity\Attribute\Backend\Datetime,,Set Product as New to Date,,,0,0,1,0,0,1,0,1,0,,,,
4,gallery,Default,Images,image-management,1,0,0,1,0,0,0,0,,0,0,0,0,0,,0,gallery,varchar,,,Image Gallery,,,0,0,0,0,0,1,0,0,0,,,,
4,status,Default,Product Details,product-details,1,0,0,1,0,0,1,0,,0,0,0,0,0,,0,select,int,,Magento\Catalog\Model\Product\Attribute\Source\Status,Enable Product,1,,0,1,0,0,0,1,0,1,0,,,,
4,visibility,Default,Product Details,product-details,1,0,0,1,0,0,0,0,,0,0,0,0,0,,0,select,int,,Magento\Catalog\Model\Product\Visibility,Visibility,4,,0,1,0,0,0,1,0,0,0,,,,
4,custom_design,Default,Schedule Design Update,schedule-design-update,0,0,0,1,0,0,0,0,,0,0,0,0,0,,0,select,varchar,,Magento\Theme\Model\Theme\Source\Theme,New Theme,,,0,0,1,0,1,1,0,0,0,,,,
4,custom_design_from,Default,Schedule Design Update,schedule-design-update,0,0,0,1,0,0,0,0,,0,0,0,0,0,,0,date,datetime,Magento\Catalog\Model\Attribute\Backend\Startdate,,Active From,,,0,0,1,0,0,1,0,0,0,,,,
4,custom_design_to,Default,Schedule Design Update,schedule-design-update,0,0,0,1,0,0,0,0,,0,0,0,0,0,,0,date,datetime,Magento\Eav\Model\Entity\Attribute\Backend\Datetime,,Active To,,,0,0,1,0,0,1,0,0,0,,,,
4,page_layout,Default,Design,design,0,0,0,1,0,0,0,0,,0,0,0,0,0,,0,select,varchar,,Magento\Catalog\Model\Product\Attribute\Source\Layout,Layout,,,0,0,1,0,0,1,0,0,0,,,,
4,category_ids,Default,Product Details,product-details,1,0,0,1,0,0,0,0,,0,0,0,0,0,,0,text,static,Magento\Catalog\Model\Product\Attribute\Backend\Category,,Categories,,,0,0,0,0,0,1,0,0,0,,,,
4,options_container,Default,Design,design,0,0,0,1,0,0,0,0,,0,0,0,0,0,,0,select,varchar,,Magento\Catalog\Model\Entity\Product\Attribute\Design\Options\Container,Display Product Options In,container2,,0,0,0,0,0,1,0,0,0,,,,
4,country_of_manufacture,Default,Product Details,product-details,2,0,0,1,0,0,0,0,,0,0,0,0,0,,0,select,varchar,,Magento\Catalog\Model\Product\Attribute\Source\Countryofmanufacture,Country of Manufacture,,simple|bundle|configurable|grouped,0,0,1,0,1,1,0,0,0,,,,
4,quantity_and_stock_status,Default,Product Details,product-details,1,0,0,1,0,0,0,0,,0,0,0,0,0,,0,select,int,Magento\Catalog\Model\Product\Attribute\Backend\Stock,Magento\CatalogInventory\Model\Source\Stock,Quantity,1,,0,0,0,0,0,1,0,0,0,,,,
4,custom_layout,Default,Schedule Design Update,schedule-design-update,0,0,0,1,0,0,0,0,,0,0,0,0,0,,0,select,varchar,,Magento\Catalog\Model\Product\Attribute\Source\Layout,New Layout,,,0,0,1,0,0,1,0,0,0,,,,
4,custom_layout_update_file,Default,Design,design,0,0,0,1,0,0,0,0,,0,0,0,0,0,,0,select,varchar,Magento\Catalog\Model\Product\Attribute\Backend\LayoutUpdate,Magento\Catalog\Model\Product\Attribute\Source\LayoutUpdate,Custom Layout Update,,,0,0,0,0,0,1,0,0,0,,,,
4,price_type,Default,Product Details,product-details,1,0,0,1,1,0,0,0,,0,0,0,0,0,,0,boolean,int,,,Dynamic Price,0,bundle,0,0,0,0,0,1,0,1,0,,,,
4,sku_type,Default,Product Details,product-details,1,0,0,1,1,0,0,0,,0,0,0,0,0,,0,boolean,int,,,Dynamic SKU,0,bundle,0,0,0,0,0,1,0,0,0,,,,
4,weight_type,Default,Product Details,product-details,1,0,0,1,1,0,0,0,,0,0,0,0,0,,0,boolean,int,,,Dynamic Weight,0,bundle,0,0,0,0,0,1,0,1,0,,,,
4,price_view,Default,Advanced Pricing,advanced-pricing,1,0,0,1,1,0,0,0,,0,0,0,0,0,,0,select,int,,Magento\Bundle\Model\Product\Attribute\Source\Price\View,Price View,,bundle,0,0,0,0,0,1,0,1,0,,,,
4,shipment_type,Default,Bundle Items,bundle-items,1,0,0,1,1,0,0,0,,0,0,0,0,0,,0,select,int,,Magento\Bundle\Model\Product\Attribute\Source\Shipment\Type,Ship Bundle Items,0,bundle,0,0,0,0,0,1,0,1,0,,,,
4,url_key,Default,Search Engine Optimization,search-engine-optimization,1,0,0,1,0,0,1,0,,0,0,0,0,0,,0,text,varchar,,,URL Key,,,0,0,1,0,1,1,0,1,0,,,,
4,msrp,Default,Advanced Pricing,advanced-pricing,1,0,0,1,0,0,0,0,,0,0,0,0,0,,0,price,decimal,Magento\Catalog\Model\Product\Attribute\Backend\Price,,Minimum Advertised Price,,simple|virtual|downloadable|bundle|configurable,0,0,1,0,1,1,0,1,0,,,,
4,msrp_display_actual_price_type,Default,Advanced Pricing,advanced-pricing,2,0,0,1,0,0,0,0,,0,0,0,0,0,,0,select,varchar,Magento\Catalog\Model\Product\Attribute\Backend\Boolean,Magento\Msrp\Model\Product\Attribute\Source\Type\Price,Display Actual Price,0,simple|virtual|downloadable|bundle|configurable,0,0,0,0,0,1,0,1,0,,,,
4,giftcard_amounts,Default,Product Details,product-details,1,0,0,1,0,0,0,0,,0,0,0,0,0,,0,price,decimal,Magento\GiftCard\Model\Attribute\Backend\Giftcard\Amount,,Amount,,giftcard,0,0,0,0,0,1,0,1,0,,,,
4,allow_open_amount,Default,Product Details,product-details,2,0,0,1,0,0,0,0,,0,0,0,0,0,,0,select,int,,Magento\GiftCard\Model\Source\Open,Open Amount,,giftcard,0,0,0,0,0,1,0,1,0,,,,
4,open_amount_min,Default,Product Details,product-details,1,0,0,1,0,0,0,0,,0,0,0,0,0,,0,price,decimal,Magento\Catalog\Model\Product\Attribute\Backend\Price,,Open Amount From,,giftcard,0,0,0,0,0,1,0,1,0,,,,
4,open_amount_max,Default,Product Details,product-details,1,0,0,1,0,0,0,0,,0,0,0,0,0,,0,price,decimal,Magento\Catalog\Model\Product\Attribute\Backend\Price,,Open Amount To,,giftcard,0,0,0,0,0,1,0,1,0,,,,
4,giftcard_type,Default,Product Details,product-details,1,0,0,1,1,0,0,0,,0,0,0,0,0,,0,select,int,,Magento\GiftCard\Model\Source\Type,Card Type,,giftcard,0,0,0,0,0,1,0,0,0,,,,
4,tax_class_id,Default,Product Details,product-details,1,0,0,1,0,0,0,0,,0,0,0,0,1,,0,select,int,,Magento\Tax\Model\TaxClass\Source\Product,Tax Class,2,simple|virtual|bundle|downloadable|configurable,0,0,1,0,1,1,0,0,0,,,,
4,gift_message_available,Default,Gift Options,gift-options,1,0,0,1,0,0,0,0,,0,0,0,0,0,,0,select,varchar,Magento\Catalog\Model\Product\Attribute\Backend\Boolean,Magento\Catalog\Model\Product\Attribute\Source\Boolean,Allow Gift Message,,,0,0,1,0,0,1,0,0,0,,,,
4,gift_wrapping_available,Default,Gift Options,gift-options,0,0,0,1,0,0,0,0,hidden-for-virtual,0,0,0,0,0,,0,select,varchar,Magento\Catalog\Model\Product\Attribute\Backend\Boolean,Magento\Catalog\Model\Product\Attribute\Source\Boolean,Allow Gift Wrapping,,simple|bundle|giftcard|configurable,0,0,0,0,0,1,0,0,0,,,,
4,gift_wrapping_price,Default,Gift Options,gift-options,1,0,0,1,0,0,0,0,hidden-for-virtual,0,0,0,0,0,,0,price,decimal,Magento\Catalog\Model\Product\Attribute\Backend\Price,,Price for Gift Wrapping,,simple|bundle|giftcard|configurable,0,0,0,0,0,1,0,0,0,,,,
4,is_returnable,Default,Product Details,product-details,2,0,0,1,0,0,0,0,,0,0,0,0,0,,0,select,varchar,,Magento\Rma\Model\Product\Source,Enable RMA,2,,0,0,0,0,0,1,0,0,0,,,,
4,swatch_image,Default,Images,image-management,0,0,0,1,0,0,0,0,,0,0,0,0,0,,0,media_image,varchar,,,Swatch,,,0,0,0,0,0,1,0,1,0,,,,
4,supplier_part_number,Default,ERP Fields,erp-fields,1,1,0,1,0,0,0,0,,0,0,0,0,0,,0,text,varchar,,,Supplier Part Number,,,0,0,1,1,1,1,1,0,0,,,,
4,alternative_part_number,Default,ERP Fields,erp-fields,1,1,0,1,0,0,1,0,,0,0,0,0,0,,0,text,varchar,,,Alternative Part Number,,,0,0,1,1,1,1,1,0,0,,,,
4,configurable_sku,Default,ERP Fields,erp-fields,1,1,0,1,0,0,0,0,,0,0,0,0,0,,0,text,varchar,,,Configurable SKU,,,0,0,1,1,1,1,1,0,0,,,,
4,gtin,Default,ERP Fields,erp-fields,1,1,0,1,0,0,0,0,,0,0,0,0,0,,0,text,varchar,,,GTIN,,,0,0,1,1,1,1,1,0,0,,,,
4,stock_code,Default,ERP Fields,erp-fields,1,1,0,1,0,0,0,0,,0,0,0,0,0,,0,text,varchar,,,Stock Code,,,0,0,1,1,1,1,1,0,0,,,,
4,model_number,Default,ERP Fields,erp-fields,1,1,0,1,0,0,0,0,,0,0,0,0,0,,0,text,varchar,,,Model Number,,,0,0,1,1,1,1,1,0,0,,,,
4,lead_time,Default,Product Details,product-details,1,1,0,1,0,0,0,0,,0,0,0,0,0,,0,date,datetime,Magento\Eav\Model\Entity\Attribute\Backend\Datetime,,admin:Lead Time|default:Lead Time,,,0,0,0,1,0,1,1,1,0,,,,
